,city,Lat,Lng,Max Temp,Humidity,Cloudiness,Wind Speed,Country,Date
0,Hobart,-42.8794,147.3294,52.27,93,75,9.22,AU,1651014725
1,Pechenga,69.5259,31.1703,18.43,69,100,24.27,RU,1651014726
2,Rikitea,-23.1203,-134.9692,78.22,69,100,20.49,PF,1651014217
3,Hermanus,-34.4187,19.2345,56.79,77,0,9.22,ZA,1651014646
4,Lavrentiya,65.5833,-171.0,25.86,83,50,3.67,RU,1651014727
5,Bungu,-7.6337,39.0582,67.8,97,100,3.78,TZ,1651014727
6,Busselton,-33.65,115.3333,55.11,89,40,7.07,AU,1651014728
7,Tavda,58.0425,65.2726,49.21,82,100,9.46,RU,1651014728
8,North Bend,43.4065,-124.2243,59.23,79,20,11.5,US,1651014571
9,Beyla,8.6833,-8.6333,75.27,59,100,4.5,GN,1651014728
10,Saskylakh,71.9167,114.0833,9.61,89,99,3.2,RU,1651014729
11,Barrow,71.2906,-156.7887,10.42,79,100,13.8,US,1651014657
12,Kilemary,56.7783,46.8659,48.33,97,100,3.6,RU,1651014729
13,Port Elizabeth,-33.918,25.5701,52.11,87,21,8.77,ZA,1651014729
14,Flin Flon,54.7682,-101.865,35.62,60,0,11.68,CA,1651014730
15,Arraial do Cabo,-22.9661,-42.0278,76.41,89,2,15.28,BR,1651014730
16,Codrington,-38.2667,141.9667,59.88,81,100,7.11,AU,1651014274
17,Vangaindrano,-23.35,47.6,73.42,90,99,13.35,MG,1651014130
18,Anchorage,61.2181,-149.9003,54.61,48,0,9.22,US,1651014472
19,Chik,54.9928,82.4311,29.95,74,9,2.24,RU,1651014730
20,Atuona,-9.8,-139.0333,78.87,76,17,20.54,PF,1651014101
21,Fort Nelson,58.8053,-122.7002,38.48,93,99,5.32,CA,1651014504
22,Tazmalt,36.3868,4.3989,61.57,72,99,5.06,DZ,1651014731
23,New Norfolk,-42.7826,147.0587,51.93,89,100,1.97,AU,1651014731
24,Sabang,5.8933,95.3214,84.09,75,100,10.09,ID,1651014732
25,Leningradskiy,69.3833,178.4167,17.31,84,60,12.06,RU,1651014732
26,Mahébourg,-20.4081,57.7,75.25,80,24,10.47,MU,1651014732
27,Tiksi,71.6872,128.8694,4.59,93,51,0.76,RU,1651014161
28,Cabo San Lucas,22.8909,-109.9124,89.62,55,0,8.7,MX,1651014001
29,Amahai,-3.3333,128.9167,80.76,79,90,1.99,ID,1651014180
30,Thompson,55.7435,-97.8558,36.64,59,6,7.2,CA,1651014545
31,Bluff,-46.6,168.3333,52.81,78,83,8.93,NZ,1651014733
32,Mataura,-46.1927,168.8643,52.48,97,96,2.86,NZ,1651014618
33,Yulara,-25.2406,130.9889,67.14,46,99,6.64,AU,1651014178
34,Tuktoyaktuk,69.4541,-133.0374,28.89,82,100,7.07,CA,1651014733
35,Sijunjung,-0.6876,100.9537,71.71,95,94,1.32,ID,1651014734
36,Ponta Delgada,37.7333,-25.6667,65.5,88,20,9.22,PT,1651014734
37,Aklavik,68.2191,-135.0107,31.15,90,79,6.91,CA,1651014734
38,Wum,6.3833,10.0667,67.26,88,100,3.6,CM,1651014735
39,Bambous Virieux,-20.3428,57.7575,75.22,80,30,10.09,MU,1651014735
40,Cape Town,-33.9258,18.4232,59.92,74,0,11.99,ZA,1651014658
41,Pyshchug,58.8873,45.7134,41.65,93,71,4.63,RU,1651014736
42,Weihe,32.9952,105.3247,57.25,95,75,0.58,CN,1651014736
43,Ennis,52.8436,-8.9864,51.73,71,0,5.75,IE,1651014461
44,Punta Arenas,-53.15,-70.9167,39.11,75,40,8.05,CL,1651014736
45,Ushuaia,-54.8,-68.3,38.86,87,75,11.5,AR,1651014736
46,Vaini,-21.2,-175.2,78.96,65,20,13.8,TO,1651014527
47,Ust'-Omchug,61.15,149.6333,17.33,81,100,6.71,RU,1651014737
48,Chapais,49.7834,-74.8492,29.21,85,100,7.49,CA,1651014071
49,Gemena,3.25,19.7667,68.9,94,99,3.53,CD,1651014737
50,Hong Kong,22.2855,114.1577,82.45,85,4,4.0,HK,1651014522
51,Kapaa,22.0752,-159.319,80.58,81,100,14.97,US,1651014543
52,Padang,-0.9492,100.3543,78.64,85,95,4.34,ID,1651014763
53,East London,-33.0153,27.9116,60.57,79,3,10.94,ZA,1651014654
54,St. George's,12.0564,-61.7485,78.24,82,99,8.08,GD,1651014763
55,Sai Buri,6.7013,101.6168,77.38,87,91,2.44,TH,1651014763
56,Port Blair,11.6667,92.75,80.64,89,75,2.3,IN,1651014430
57,Cherskiy,68.75,161.3,32.32,90,98,5.59,RU,1651014764
58,Mount Isa,-20.7333,139.5,73.17,73,75,8.05,AU,1651014579
59,Salalah,17.0151,54.0924,82.49,74,20,3.44,OM,1651014764
60,Bāli Chak,22.3667,87.55,81.21,72,16,10.36,IN,1651014764
61,Saint-Philippe,-21.3585,55.7679,72.99,83,39,7.99,RE,1651014648
62,Faanui,-16.4833,-151.75,82.58,72,22,18.32,PF,1651014649
63,Hithadhoo,-0.6,73.0833,84.63,72,97,6.91,MV,1651014765
64,Souillac,-20.5167,57.5167,74.48,84,26,9.55,MU,1651014173
65,Upernavik,72.7868,-56.1549,25.57,81,92,5.99,GL,1651014558
66,Albany,42.6001,-73.9662,52.63,89,100,1.99,US,1651014741
67,Budogoshch',59.2816,32.4707,35.94,92,96,6.44,RU,1651014766
68,Bredasdorp,-34.5322,20.0403,54.91,78,1,2.98,ZA,1651014766
69,Ribeira Grande,38.5167,-28.7,63.12,91,61,24.32,PT,1651014766
70,Hilo,19.7297,-155.09,85.28,84,75,14.97,US,1651014766
71,Ghorāwal,24.7667,82.7833,82.72,17,2,2.42,IN,1651014767
72,Lagos,6.5833,3.75,79.05,92,65,4.85,NG,1651014718
73,Lebu,-37.6167,-73.65,49.86,81,7,8.34,CL,1651014767
74,Raudeberg,61.9875,5.1352,39.87,74,100,21.97,NO,1651014176
75,Arica,-18.475,-70.3042,67.55,72,0,4.61,CL,1651014767
76,Statesboro,32.4488,-81.7832,76.78,61,40,3.44,US,1651014768
77,Key West,24.5557,-81.7826,82.4,68,0,12.66,US,1651014768
78,Clyde River,70.4692,-68.5914,7.03,92,40,11.5,CA,1651014726
79,Vendôme,47.8,1.0667,46.69,84,17,9.51,FR,1651014493
80,Sittwe,20.15,92.9,79.97,86,14,3.04,MM,1651014769
81,Ullapool,57.8987,-5.1604,43.36,75,54,6.22,GB,1651014769
82,Port-Gentil,-0.7193,8.7815,82.36,89,40,5.75,GA,1651014509
83,Sibolga,1.7427,98.7792,76.96,80,94,2.82,ID,1651014769
84,Saint Paul Harbor,57.79,-152.4072,51.31,50,100,8.05,US,1651014769
85,Constitución,-35.3333,-72.4167,51.19,86,34,3.0,CL,1651014484
86,Puerto Ayora,-0.7393,-90.3518,75.07,77,74,6.55,EC,1651014770
87,Kavieng,-2.5744,150.7967,84.6,73,5,14.63,PG,1651014201
88,Kayerkan,69.3497,87.7602,10.53,78,91,8.01,RU,1651014770
89,Mongo,12.1844,18.693,91.81,31,92,5.79,TD,1651014770
90,Port Alfred,-33.5906,26.891,57.18,91,14,1.01,ZA,1651014771
91,Beringovskiy,63.05,179.3167,32.32,99,100,8.14,RU,1651014192
92,Arrondissement de Mont-de-Marsan,44.0,-0.6667,62.08,67,0,2.3,FR,1651014771
93,Puerto Lempira,15.2667,-83.7667,73.54,88,75,5.75,HN,1651014771
94,Los Baños,14.1667,121.1833,84.69,79,54,7.65,PH,1651014772
95,Yangi Marg`ilon,40.4272,71.7189,65.12,63,100,9.22,UZ,1651014709
96,Roebourne,-20.7833,117.1333,77.74,60,100,8.75,AU,1651014772
97,Koslan,63.4564,48.8989,32.76,88,100,7.74,RU,1651014772
98,Port Hardy,50.6996,-127.4199,46.58,76,100,12.66,CA,1651014773
99,Tarakan,3.3,117.6333,76.5,94,75,5.03,ID,1651014773
100,Natá,8.3333,-80.5167,76.87,87,100,7.81,PA,1651014798
101,Shelburne,44.0787,-80.2041,40.77,91,100,8.63,CA,1651014798
102,Yellowknife,62.456,-114.3525,46.56,45,54,8.99,CA,1651014799
103,Bathsheba,13.2167,-59.5167,79.41,83,40,5.75,BB,1651014799
104,Birao,10.2849,22.7882,84.36,37,92,3.2,CF,1651014799
105,Bengkulu,-3.8004,102.2655,76.53,89,46,3.69,ID,1651014466
106,Americus,32.0724,-84.2327,78.93,57,100,8.05,US,1651014800
107,Deqing,30.5448,119.9599,66.94,84,93,3.44,CN,1651014800
108,Kloulklubed,7.0419,134.2556,73.9,91,100,12.53,PW,1651014800
109,Udachny,66.4167,112.4,14.94,95,71,3.38,RU,1651014801
110,Kapuskasing,49.4169,-82.4331,17.69,73,100,11.5,CA,1651014801
111,Jamestown,42.097,-79.2353,43.02,58,100,11.5,US,1651014656
112,Sarāhan,31.5167,77.8,52.47,41,0,8.99,IN,1651014801
113,Kruisfontein,-34.0033,24.7314,49.89,83,10,6.29,ZA,1651014802
114,Buraidah,26.326,43.975,72.18,53,3,8.77,SA,1651014503
115,Tautira,-17.7333,-149.15,81.01,74,34,22.17,PF,1651014802
116,Agadir,30.4202,-9.5982,63.05,65,0,3.62,MA,1651014802
117,Mahon,39.8885,4.2658,57.76,88,0,6.91,ES,1651014803
118,Nouadhibou,20.931,-17.0347,64.65,86,0,21.25,MR,1651014470
119,Tegul'det,57.3064,88.1667,29.17,98,99,1.88,RU,1651014803
120,Phonhong,18.5007,102.4166,77.54,73,14,2.19,LA,1651014803
121,Matara,5.9485,80.5353,78.15,87,64,1.41,LK,1651014804
122,Sola,-13.8833,167.55,82.22,72,99,17.69,VU,1651014804
123,Bunia,1.5667,30.25,62.11,97,92,1.99,CD,1651014804
124,Rivers,50.0308,-100.2403,31.01,79,11,13.11,CA,1651014805
125,Longyearbyen,78.2186,15.6401,1.24,78,75,11.5,SJ,1651014805
126,Klaksvík,62.2266,-6.589,36.52,67,97,5.06,FO,1651014710
127,Butaritari,3.0707,172.7902,81.05,83,46,18.45,KI,1651014578
128,Vila Franca do Campo,37.7167,-25.4333,65.19,91,39,8.75,PT,1651014805
129,Esperance,-33.8667,121.9,61.03,64,41,5.64,AU,1651014669
130,Berlevåg,70.8578,29.0864,17.4,70,100,32.26,NO,1651014806
131,Inhambane,-23.865,35.3833,71.4,70,78,11.34,MZ,1651014806
132,Saint George,37.1041,-113.5841,84.63,7,0,7.0,US,1651014806
133,São Filipe,14.8961,-24.4956,74.61,70,20,13.33,CV,1651014807
134,Freeport,40.6576,-73.5832,61.25,80,100,8.05,US,1651014632
135,San Cristobal,7.7669,-72.225,77.18,93,76,0.81,VE,1651014807
136,Carnarvon,-24.8667,113.6333,71.67,56,75,17.27,AU,1651014662
137,Ozernovskiy,51.5,156.5167,32.36,81,65,7.96,RU,1651014808
138,Ilulissat,69.2167,-51.1,35.62,80,100,4.61,GL,1651014554
139,Buala,-8.145,159.5921,84.15,71,91,5.14,SB,1651014808
140,Chokurdakh,70.6333,147.9167,11.98,93,100,8.32,RU,1651014808
141,Hua Hin,12.5707,99.9588,80.62,79,70,5.82,TH,1651014809
142,Cockburn Town,21.4612,-71.1419,76.69,68,1,17.92,TC,1651014809
143,Dębno,52.739,14.698,52.34,67,98,3.22,PL,1651014809
144,Tasiilaq,65.6145,-37.6368,32.16,95,91,4.03,GL,1651014660
145,Pangody,65.85,74.4859,28.09,87,100,22.62,RU,1651014433
146,Qaanaaq,77.484,-69.3632,13.21,75,67,5.88,GL,1651014773
147,Torbay,47.6666,-52.7314,37.27,93,100,10.0,CA,1651014810
148,Novoagansk,61.9449,76.6625,30.13,98,96,8.61,RU,1651014810
149,Salinópolis,-0.6136,-47.3561,78.94,83,99,10.29,BR,1651014810
150,Yeniseysk,58.4497,92.1703,25.03,95,100,2.71,RU,1651014836
151,Chernyshevskiy,63.0128,112.4714,20.5,86,67,3.33,RU,1651014836
152,Castro,-24.7911,-50.0119,64.18,92,30,4.92,BR,1651014778
153,Cap-aux-Meules,47.3821,-61.8597,44.65,76,100,13.8,CA,1651014836
154,Jizan,17.3333,42.6667,84.31,54,5,2.44,SA,1651014837
155,Ugoofaaru,5.6667,73.0,84.07,71,100,2.48,MV,1651014837
156,Hatten,53.0167,8.35,42.94,86,44,5.23,DE,1651014837
157,Faya,18.3851,42.4509,54.12,41,30,3.58,SA,1651014837
158,Dikson,73.5069,80.5464,3.58,96,94,8.81,RU,1651014640
159,Neepawa,50.2289,-99.4664,29.68,86,96,9.57,CA,1651014838
160,Brattleboro,42.8509,-72.5579,55.2,93,100,1.99,US,1651014838
161,Coyhaique,-45.5752,-72.0662,36.21,100,75,4.61,CL,1651014751
162,Cidreira,-30.1811,-50.2056,71.19,91,24,10.31,BR,1651014839
163,Tura,25.5198,90.2201,71.91,92,0,5.48,IN,1651014839
164,Itarema,-2.9248,-39.9167,76.44,90,83,9.44,BR,1651014319
165,Lander,42.833,-108.7307,66.6,22,0,23.02,US,1651014677
166,Buin,-33.7333,-70.75,55.44,90,100,5.55,CL,1651014840
167,Kāman,27.65,77.2667,84.96,14,0,1.74,IN,1651014840
168,Waingapu,-9.6567,120.2641,76.24,68,98,4.68,ID,1651014840
169,Fort Saint James,54.4333,-124.25,44.44,53,100,8.52,CA,1651014841
170,Sacama,-3.9,-79.2667,53.62,92,45,0.67,EC,1651014841
171,Oktyabr'skoye,43.0645,44.7417,50.14,93,48,2.24,RU,1651014841
172,San Quintín,30.4833,-115.95,67.71,60,97,13.15,MX,1651014843
173,Bandarbeyla,9.4942,50.8122,81.05,80,27,5.77,SO,1651014843
174,Suleja,9.1758,7.1808,84.15,49,97,2.66,NG,1651014843
175,Illapel,-31.6308,-71.1653,61.12,69,51,6.46,CL,1651014844
176,Opuwo,-18.0607,13.84,66.69,43,5,3.53,NA,1651014579
177,Antofagasta,-23.65,-70.4,63.68,86,98,6.29,CL,1651014429
178,Jutaí,-5.1833,-68.9,73.9,98,100,4.41,BR,1651014678
179,Srednekolymsk,67.45,153.6833,20.89,94,100,12.44,RU,1651014289
180,Alacranes,22.7675,-81.5675,79.29,59,48,12.62,CU,1651014845
181,Iquique,-20.2208,-70.1431,64.44,83,52,6.71,CL,1651014845
182,Zhuanghe,39.7008,122.9911,51.48,30,4,12.12,CN,1651014846
183,Ikom,5.9667,8.7063,76.17,92,100,3.04,NG,1651014846
184,Värnamo,57.186,14.04,44.28,82,84,4.16,SE,1651014847
185,Nikolskoye,59.7035,30.7861,37.87,86,89,6.22,RU,1651014836
186,Severo-Kuril'sk,50.6789,156.125,32.83,83,56,0.43,RU,1651014652
187,Ponta do Sol,32.6667,-17.1,61.72,68,16,3.8,PT,1651014847
188,Khandyga,62.6667,135.6,24.78,85,86,1.97,RU,1651014848
189,Nobeoka,32.5833,131.6667,71.49,94,98,1.79,JP,1651014848
190,Port Hedland,-20.3167,118.5667,77.05,50,40,8.05,AU,1651014848
191,Port Lincoln,-34.7333,135.8667,62.73,83,23,5.26,AU,1651014849
192,Laguna,38.421,-121.4238,81.14,38,0,5.75,US,1651014849
193,Bonavista,48.6499,-53.1147,34.2,93,73,4.79,CA,1651014849
194,Ixtapa,20.7,-105.2,86.31,42,1,6.71,MX,1651014850
195,Avarua,-21.2078,-159.775,84.25,74,20,8.05,CK,1651014659
196,Rocha,-34.4833,-54.3333,68.2,88,54,13.8,UY,1651014806
197,Cairns,-16.9167,145.7667,82.11,80,40,10.36,AU,1651014850
198,Copala,16.65,-98.9833,85.53,52,25,9.17,MX,1651014850
199,Lupiro,-8.3833,36.6667,69.98,98,100,0.94,TZ,1651014851
200,Mahon,39.8885,4.2658,57.76,88,0,6.91,ES,1651014876
201,George Town,5.4112,100.3354,80.53,83,20,3.44,MY,1651014762
202,Fukuechō,32.6881,128.8419,64.04,94,100,9.93,JP,1651014876
203,San Policarpo,12.1791,125.5072,80.98,85,100,9.86,PH,1651014877
204,Rosario,-32.9468,-60.6393,77.11,85,0,10.36,AR,1651014739
205,Ambilobe,-13.2,49.05,71.98,85,75,3.42,MG,1651014877
206,Vila Velha,-20.3297,-40.2925,76.95,93,20,4.61,BR,1651014877
207,Mogadishu,2.0371,45.3438,82.63,73,86,5.03,SO,1651014839
208,Boyolangu,-8.1181,111.8935,75.09,92,95,3.71,ID,1651014878
209,Vardø,70.3705,31.1107,21.54,74,100,32.64,NO,1651014878
210,Atambua,-9.1061,124.8925,74.34,77,79,2.28,ID,1651014878
211,Maceió,-9.6658,-35.7353,74.64,88,20,3.44,BR,1651014589
212,Nanortalik,60.1432,-45.2371,36.34,86,100,7.85,GL,1651014879
213,Khatanga,71.9667,102.5,14.36,91,100,8.39,RU,1651014847
214,Grindavik,63.8424,-22.4338,41.47,87,75,3.44,IS,1651014879
215,Nioro,13.35,-15.75,83.64,29,15,13.11,GM,1651014879
216,Chui,-33.6971,-53.4616,68.92,86,48,12.1,UY,1651014880
217,Hamilton,39.1834,-84.5333,56.98,47,0,10.36,US,1651014780
218,Dingle,10.9995,122.6711,79.5,86,100,7.61,PH,1651014880
219,Verkhnevilyuysk,63.4453,120.3167,23.9,81,42,2.13,RU,1651014880
220,Kumul,42.8,93.45,55.17,52,96,3.89,CN,1651014880
221,Champerico,14.3,-91.9167,90.14,64,18,10.67,GT,1651014544
222,Chulumani,-16.4096,-67.5263,66.34,93,58,2.3,BO,1651014881
223,Jinchang,38.4953,102.1739,47.75,27,100,19.26,CN,1651014543
224,Kaeo,-35.1,173.7833,65.32,75,15,4.36,NZ,1651014881
225,Abong Mbang,3.9833,13.1833,67.73,99,78,3.38,CM,1651014881
226,Vao,-22.6667,167.4833,74.46,59,100,16.53,NC,1651014856
227,Diffa,13.3154,12.6113,90.7,26,63,6.06,NE,1651014882
228,Palu,-0.8917,119.8707,76.87,91,100,2.77,ID,1651014882
229,Margate,51.3813,1.3862,47.88,77,56,4.0,GB,1651014883
230,Lompoc,34.6391,-120.4579,64.94,67,0,28.99,US,1651014883
231,Mar del Plata,-38.0023,-57.5575,64.42,100,100,13.0,AR,1651014883
232,Arkhara,49.4212,130.0842,33.94,76,67,18.43,RU,1651014883
233,San Lazaro,18.0387,-88.6622,84.54,61,42,11.72,BZ,1651014884
234,Punta Alta,-38.8759,-62.0736,62.76,72,57,9.69,AR,1651014884
235,Galesong,-5.3166,119.3661,77.02,81,100,5.48,ID,1651014884
236,Jhūsi,25.4333,81.9333,87.03,14,2,3.89,IN,1651014885
237,Thio,-21.6167,166.2167,78.76,61,92,10.87,NC,1651014885
238,Moussoro,13.6408,16.4901,94.08,24,89,5.77,TD,1651014885
239,Canutama,-6.5339,-64.3831,76.12,96,99,1.74,BR,1651014885
240,Sucre,-19.0333,-65.2627,64.38,39,29,1.25,BO,1651014886
241,Khuzhir,53.1939,107.3397,29.25,64,95,3.44,RU,1651014886
242,Lagoa,39.05,-27.9833,61.38,89,65,23.47,PT,1651014886
243,Revelstoke,50.9832,-118.2023,46.42,87,100,10.36,CA,1651014887
244,Kaitangata,-46.2817,169.8464,53.46,83,89,6.2,NZ,1651014209
245,Larap,14.299,122.6504,81.61,87,83,8.77,PH,1651014887
246,Winslow,35.0242,-110.6974,78.98,9,0,21.85,US,1651014832
247,Saravena,6.9538,-71.8752,75.92,87,99,3.49,CO,1651014887
248,Ahipara,-35.1667,173.1667,64.89,62,97,8.08,NZ,1651014888
249,Te Anau,-45.4167,167.7167,50.83,77,65,1.59,NZ,1651014666
250,Natitingou,10.3042,1.3796,86.31,36,83,3.87,BJ,1651014913
251,Coquimbo,-29.9533,-71.3436,60.53,82,0,3.44,CL,1651014847
252,Ancud,-41.8697,-73.8203,45.57,72,98,13.11,CL,1651014914
253,Saint Anthony,45.0205,-93.218,44.65,44,0,9.22,US,1651014914
254,Lake Charles,30.2131,-93.2044,78.78,47,0,12.66,US,1651014914
255,Newport,51.5877,-2.9984,51.69,72,100,9.93,GB,1651014508
256,Ouargaye,11.5033,0.0572,93.97,22,26,4.56,BF,1651014915
257,Pisco,-13.7,-76.2167,66.25,82,0,17.27,PE,1651014882
258,Okhotsk,59.3833,143.3,27.03,71,2,8.9,RU,1651014915
259,Dongning,44.0622,131.1207,47.26,32,3,24.74,CN,1651014916
260,Vestmannaeyjar,63.4427,-20.2734,46.0,79,100,4.7,IS,1651014914
261,Saldanha,-33.0117,17.9442,57.18,82,0,13.47,ZA,1651014916
262,Kedrovyy,56.1667,91.8167,34.21,89,95,6.06,RU,1651014917
263,Nuuk,64.1835,-51.7216,38.01,81,75,40.29,GL,1651014917
264,Isangel,-19.55,169.2667,78.58,60,91,17.85,VU,1651014917
265,Kieta,-6.2167,155.6333,84.31,69,43,2.77,PG,1651014918
266,Mackay,-21.15,149.2,78.67,84,13,14.38,AU,1651014694
267,Yumen,40.2833,97.2,44.29,24,100,0.6,CN,1651014918
268,Sawtell,-30.3833,153.1,69.82,83,91,2.3,AU,1651014918
269,Bontang,0.1333,117.5,77.2,87,100,4.56,ID,1651014919
270,Karaton,-6.3424,106.1045,75.33,93,99,1.72,ID,1651014325
271,Pedernales,18.0384,-71.744,79.72,68,80,1.43,DO,1651014919
272,Ostrovnoy,68.0531,39.5131,14.77,77,5,23.22,RU,1651014920
273,Necochea,-38.5473,-58.7368,66.92,90,99,10.18,AR,1651014920
274,Rio Grande,-32.035,-52.0986,70.95,89,60,17.45,BR,1651014887
275,Cayenne,4.9333,-52.3333,82.09,1,0,3.44,GF,1651014920
276,Havre-St-Pierre,50.2334,-63.5986,39.56,93,100,2.3,CA,1651014654
277,Olafsvik,64.8945,-23.7142,42.51,78,100,5.08,IS,1651014834
278,Henties Bay,-22.116,14.2845,63.55,69,1,4.85,NA,1651014921
279,Marsh Harbour,26.5412,-77.0636,74.75,69,0,10.47,BS,1651014705
280,Katsuura,35.1333,140.3,70.88,92,100,30.06,JP,1651014857
281,Palmer,42.1584,-72.3287,53.51,87,100,1.01,US,1651014921
282,Lodja,-3.4833,23.4333,67.3,99,99,2.3,CD,1651014921
283,Half Moon Bay,37.4636,-122.4286,70.05,62,0,29.93,US,1651014922
284,Alofi,-19.0595,-169.9187,76.89,22,100,3.44,NU,1651014922
285,Wanning,18.8003,110.3967,78.53,91,10,8.28,CN,1651014776
286,Maracaçumé,-2.0428,-45.9592,74.16,94,96,2.95,BR,1651014922
287,Ryōtsu-minato,38.0833,138.4333,53.42,77,100,5.23,JP,1651014923
288,San Patricio,28.017,-97.5169,76.89,70,100,10.09,US,1651014923
289,Mazagão,-0.115,-51.2894,84.25,95,91,3.83,BR,1651014923
290,Caravelas,-17.7125,-39.2481,75.76,81,0,5.3,BR,1651014922
291,Yārāda,17.65,83.2667,82.15,84,9,10.85,IN,1651014924
292,Dutse,11.7594,9.3392,85.44,15,95,7.58,NG,1651014924
293,Antsirabe,-19.85,47.0333,57.88,98,44,3.71,MG,1651014924
294,Kundiawa,-6.0167,144.9667,67.21,93,95,3.38,PG,1651014925
295,Grand-Lahou,5.1367,-5.0242,80.6,87,97,10.07,CI,1651014925
296,Keti Bandar,24.1447,67.4497,80.31,83,0,9.51,PK,1651014925
297,Bac Lieu,9.285,105.7244,81.07,76,98,4.38,VN,1651014926
298,Viedma,-40.8135,-62.9967,62.64,35,100,15.39,AR,1651014926
299,Zárate,-34.0981,-59.0286,74.84,88,97,11.01,AR,1651014926
300,Westport,41.1415,-73.3579,58.33,95,100,0.0,US,1651014835
301,Jijiga,9.35,42.8,64.6,78,57,3.51,ET,1651014952
302,Gravesend,51.4414,0.3737,48.09,81,23,4.7,GB,1651014952
303,Arkhipo-Osipovka,44.37,38.52,54.27,89,64,4.59,RU,1651014952
304,Taoudenni,22.6783,-3.9836,78.6,23,0,10.65,ML,1651014953
305,Porto-Novo,6.4965,2.6036,80.87,84,43,10.09,BJ,1651014688
306,Le Port,-20.9373,55.2919,73.4,70,4,6.08,RE,1651014953
307,Belyy Yar,53.6039,91.3903,28.29,80,84,2.24,RU,1651014953
308,Pacific Grove,36.6177,-121.9166,72.55,70,20,15.99,US,1651014896
309,Ginir,7.1333,40.7,57.45,86,89,4.83,ET,1651014954
310,Luganville,-15.5333,167.1667,81.36,77,97,12.59,VU,1651014954
311,Rawson,-43.3002,-65.1023,57.06,30,100,22.93,AR,1651014954
312,Izhma,65.0083,53.9113,34.18,88,100,10.22,RU,1651014955
313,Iquitos,-3.7481,-73.2472,84.24,79,20,3.44,PE,1651014877
314,Mmabatho,-25.85,25.6333,42.76,70,0,4.61,ZA,1651014955
315,Sur,22.5667,59.5289,85.14,49,43,11.77,OM,1651014955
316,Jalingo,8.8833,11.3667,84.18,59,93,3.65,NG,1651014956
317,Kendari,-3.945,122.4989,75.94,93,81,3.4,ID,1651014956
318,Naze,28.3667,129.4833,68.92,80,100,13.38,JP,1651014956
319,Hurghada,27.2574,33.8129,75.81,46,0,14.05,EG,1651014776
320,Sept-Îles,50.2001,-66.3821,36.05,95,100,3.44,CA,1651014957
321,Dunedin,-45.8742,170.5036,53.8,91,92,10.0,NZ,1651014772
322,Ituporanga,-27.4144,-49.6025,66.09,96,76,1.77,BR,1651014957
323,Rocky Mountain House,52.3668,-114.9188,53.71,47,100,9.22,CA,1651014931
324,Kyzyl-Suu,42.3414,78.0056,46.89,46,55,4.99,KG,1651014958
325,Ekhabi,53.5102,142.9671,28.87,96,100,18.81,RU,1651014958
326,Hervey Bay,-25.2986,152.8535,77.02,70,99,5.01,AU,1651014958
327,Juazeiro,-9.4117,-40.4986,80.78,61,0,9.22,BR,1651014958
328,Samarai,-10.6167,150.6667,83.3,72,100,3.44,PG,1651014960
329,Gayny,60.3071,54.3241,44.98,98,99,5.41,RU,1651014960
330,Katherine,-14.4667,132.2667,84.52,48,87,9.22,AU,1651014960
331,Bethel,41.3712,-73.414,56.89,92,100,3.44,US,1651014961
332,Ust'-Karsk,52.7011,118.8077,33.06,42,25,3.31,RU,1651014961
333,Fortuna,40.5982,-124.1573,57.92,64,0,16.11,US,1651014781
334,Monrovia,6.3005,-10.7969,78.57,87,99,8.79,LR,1651014931
335,Sangīn,32.0728,64.8359,77.02,14,15,2.1,AF,1651014962
336,Broken Hill,-31.95,141.4333,60.51,88,100,10.36,AU,1651014962
337,Comodoro Rivadavia,-45.8667,-67.5,44.46,61,20,8.05,AR,1651014338
338,Baiyin,36.5583,104.2081,49.12,20,71,20.24,CN,1651014963
339,Kailua,21.4022,-157.7394,84.18,65,100,9.22,US,1651014782
340,Poum,-20.2333,164.0167,78.08,61,99,21.34,NC,1651014963
341,Mindelo,16.8901,-24.9804,71.15,68,40,26.46,CV,1651014963
342,Egvekinot,66.3167,-179.1667,26.31,86,95,3.27,RU,1651014964
343,Paamiut,61.994,-49.6678,35.13,92,100,24.54,GL,1651014964
344,Ust-Maya,60.4167,134.5333,29.26,65,33,7.27,RU,1651014965
345,Jacala,21.0167,-99.1833,66.54,67,76,7.4,MX,1651014965
346,Urbino,43.7298,12.6356,54.39,89,7,7.02,IT,1651014965
347,Beian,63.6559,9.5683,35.56,75,75,10.36,NO,1651014966
348,Eyl,7.9803,49.8164,80.85,76,73,6.33,SO,1651014966
349,Kysyl-Syr,63.8986,122.7617,22.08,83,59,4.16,RU,1651014434
350,Provideniya,64.3833,-173.3,26.71,86,75,13.42,RU,1651014992
351,Mahabalipuram,12.6264,80.1722,84.25,80,66,8.43,IN,1651014992
352,Marrakesh,31.6315,-8.0083,64.47,48,40,6.91,MA,1651014696
353,Norman Wells,65.282,-126.8329,42.84,52,40,12.66,CA,1651014992
354,Marigot,18.0667,-63.0833,77.76,69,20,9.22,MF,1651014992
355,Fareydūnshahr,32.941,50.121,44.96,65,5,2.89,IR,1651014993
356,Rassvet,46.8333,40.75,59.02,93,100,0.22,RU,1651014993
357,Evensk,61.95,159.2333,29.23,93,100,2.91,RU,1651014993
358,Conceição do Araguaia,-8.2578,-49.2647,79.18,68,47,2.51,BR,1651014994
359,Roald,62.5833,6.1333,41.76,65,20,13.8,NO,1651014994
360,Mastic Beach,40.7668,-72.8521,56.1,87,100,4.61,US,1651014994
361,Sitges,41.2351,1.8119,63.01,55,74,2.24,ES,1651014995
362,Yaan,7.3833,8.5667,81.36,67,75,8.7,NG,1651014506
363,Narsaq,60.9167,-46.05,41.22,82,100,0.72,GL,1651014846
364,Baruun-Urt,46.6806,113.2792,33.84,21,54,6.46,MN,1651014995
365,Hauterive,46.0901,3.4459,50.76,86,20,4.23,FR,1651014995
366,Istok,42.7808,20.4875,51.03,79,4,3.58,XK,1651014996
367,Kahului,20.8947,-156.47,84.22,62,0,23.02,US,1651014724
368,Pathein,16.7833,94.7333,82.65,71,31,9.46,MM,1651014996
369,Vanavara,60.34,102.2797,27.84,86,68,6.26,RU,1651014996
370,Waterloo,43.4668,-80.5164,42.66,94,100,12.66,CA,1651014738
371,Švenčionėliai,55.1667,26.0,37.4,76,74,5.37,LT,1651014997
372,Krasnogorsk,55.8225,37.3181,50.05,76,0,8.95,RU,1651014997
373,Miandrivazo,-19.5167,45.4667,74.82,89,83,0.38,MG,1651014997
374,Grand-Bourg,15.8835,-61.3148,76.95,69,95,14.92,GP,1651014998
375,Sistranda,63.7256,8.834,33.76,57,100,9.42,NO,1651014998
376,La Roda,39.2167,-2.15,55.9,74,100,7.05,ES,1651014998
377,Laas,46.6166,10.7002,42.37,90,51,4.54,IT,1651014434
378,Barra dos Coqueiros,-10.9089,-37.0386,78.82,73,75,8.05,BR,1651014999
379,Izberbash,42.5696,47.8645,53.65,68,70,10.29,RU,1651014999
380,Bilma,18.6853,12.9164,89.92,9,0,5.95,NE,1651015000
381,Tual,-5.6667,132.75,83.75,73,99,5.59,ID,1651015000
382,Kommunar,59.6206,30.39,37.51,87,54,6.98,RU,1651015000
383,Otane,-39.8833,176.6333,63.01,61,46,5.5,NZ,1651015001
384,Lang Son,21.8333,106.7333,75.34,93,50,1.88,VN,1651014721
385,Kudahuvadhoo,2.6708,72.8944,83.59,73,66,3.62,MV,1651014755
386,Mossamedes,-15.1961,12.1522,71.46,74,1,4.97,AO,1651015001
387,Mareeba,-17.0,145.4333,77.49,84,26,3.02,AU,1651014857
388,Staraya Akkermanovka,51.2467,58.2391,49.78,57,68,5.64,RU,1651015001
389,Moss Vale,-34.55,150.3833,56.34,92,99,4.47,AU,1651015002
390,Dudinka,69.4058,86.1778,11.62,96,92,10.02,RU,1651015002
391,Dawei,14.0833,98.2,78.94,86,74,2.75,MM,1651015002
392,Umm Kaddadah,13.6017,26.6876,83.1,27,100,4.5,SD,1651015003
393,Guinabsan,8.8975,125.4161,77.2,89,100,4.12,PH,1651015003
394,Debre Tabor,11.85,38.0167,61.29,43,97,3.4,ET,1651015003
395,Muyezerskiy,63.9333,31.65,19.63,97,79,2.42,RU,1651015003
396,Paramirim,-13.4425,-42.2389,71.01,63,1,3.85,BR,1651015004
397,Ajdabiya,30.7554,20.2263,75.24,21,41,20.47,LY,1651015004
398,Shingū,33.7333,135.9833,68.04,99,100,3.09,JP,1651015004
399,Banda Aceh,5.5577,95.3222,79.99,86,100,7.36,ID,1651015005
400,Baudh,20.8416,84.3213,82.17,43,2,1.86,IN,1651015030
401,Hailey,43.5196,-114.3153,55.8,46,75,18.99,US,1651015030
402,Cabedelo,-6.9811,-34.8339,77.67,75,16,13.47,BR,1651014794
403,Sondershausen,51.3667,10.8667,49.17,65,91,4.41,DE,1651015031
404,Isla Mujeres,21.2311,-86.731,80.65,79,31,10.78,MX,1651015031
405,Beloha,-25.1667,45.05,73.31,88,100,13.38,MG,1651015032
406,Mutare,-18.9707,32.6709,61.61,98,96,1.28,ZW,1651015032
407,Roseburg,43.2165,-123.3417,58.1,52,75,6.91,US,1651015032
408,Muros,42.7762,-9.0603,53.83,93,39,6.85,ES,1651015033
409,Valleyview,55.0667,-117.2859,46.44,53,100,8.05,CA,1651015033
410,Lata,40.1629,-8.3327,54.91,96,1,1.74,PT,1651015033
411,Santa Marta,11.2408,-74.199,84.88,71,75,9.22,CO,1651014951
412,Pevek,69.7008,170.3133,34.27,63,99,20.42,RU,1651015034
413,Luanda,-8.8368,13.2343,75.6,90,100,6.85,AO,1651014724
414,Mamlyutka,54.9375,68.5394,48.27,77,10,6.85,KZ,1651015034
415,Lyuban',52.7985,28.0048,43.83,81,99,6.78,BY,1651015034
416,Bubaque,11.2833,-15.8333,78.04,76,71,16.08,GW,1651015035
417,Coari,-4.085,-63.1414,75.49,96,100,0.47,BR,1651014899
418,Keningau,5.3378,116.1602,71.98,97,100,0.6,MY,1651015035
419,Flinders,-34.5833,150.8552,64.38,94,100,5.99,AU,1651015036
420,Dakoro,14.5106,6.765,88.11,12,47,9.98,NE,1651015036
421,San Jose,37.3394,-121.895,71.33,43,20,12.66,US,1651014928
422,Juneau,58.3019,-134.4197,46.4,95,75,4.61,US,1651015036
423,Iqaluit,63.7506,-68.5145,8.33,77,40,10.36,CA,1651014862
424,Chara,56.9064,118.2631,23.92,55,79,4.32,RU,1651014868
425,Poddor'ye,57.4695,31.1156,33.78,93,63,4.81,RU,1651015037
426,Atar,20.5169,-13.0499,74.5,31,0,9.86,MR,1651014897
427,Derzhavīnsk,51.1,66.3167,51.13,49,24,7.81,KZ,1651015038
428,College,64.8569,-147.8028,51.75,43,75,4.61,US,1651014925
429,Irun,43.339,-1.7894,58.35,83,88,1.01,ES,1651015038
430,Byron Bay,-28.65,153.6167,64.94,82,89,5.14,AU,1651014855
431,Itoman,26.1247,127.6694,79.57,94,75,12.66,JP,1651015038
432,Log,49.4844,43.8613,61.41,61,90,6.46,RU,1651015039
433,Rāvar,31.2656,56.8055,71.91,37,96,4.9,IR,1651015039
434,Samaná,19.2056,-69.3369,76.96,74,32,10.13,DO,1651015040
435,Santiago del Estero,-27.7951,-64.2615,82.74,58,100,7.4,AR,1651015040
436,La Plata,-34.9215,-57.9545,73.04,97,100,11.88,AR,1651014784
437,Río Gallegos,-51.6226,-69.2181,39.25,75,75,12.66,AR,1651015040
438,Ubauro,28.1652,69.7289,85.89,14,0,2.48,PK,1651015041
439,Hofn,64.2539,-15.2082,45.46,76,42,5.32,IS,1651015041
440,Safi,32.2994,-9.2372,61.63,77,3,15.3,MA,1651014764
441,Gaimersheim,48.807,11.368,42.78,87,40,3.44,DE,1651015041
442,Rochester,43.1548,-77.6156,50.05,62,100,16.11,US,1651015042
443,Urucará,-2.5364,-57.76,75.56,95,100,2.53,BR,1651015042
444,Lincoln,40.8,-96.667,73.15,20,40,18.41,US,1651014896
445,Assiut,27.181,31.1837,80.65,24,3,11.97,EG,1651015042
446,Geraldton,-28.7667,114.6,64.81,77,75,17.27,AU,1651015043
447,Saint-François,46.4154,3.9054,45.68,87,0,1.14,FR,1651014947
448,Sinegor'ye,62.0788,150.477,15.75,88,100,6.29,RU,1651015043
449,Lorengau,-2.0226,147.2712,83.35,80,24,10.04,PG,1651014846
450,Nueva Loja,0.0847,-76.8828,77.61,84,79,2.66,EC,1651015069
451,Asău,46.4333,26.4,48.96,83,22,1.05,RO,1651014503
452,La Ronge,55.1001,-105.2842,44.85,23,0,18.41,CA,1651015069
453,Östersund,63.1792,14.6357,27.61,86,26,8.05,SE,1651015069
454,Gwadar,25.1216,62.3254,81.21,77,0,6.89,PK,1651015070
455,Divnomorskoye,44.5011,38.1353,55.71,84,70,5.32,RU,1651015070
456,Tharād,24.3961,71.6267,80.49,67,0,7.63,IN,1651015070
457,Hutchinson,38.0608,-97.9298,70.03,22,0,17.27,US,1651015065
458,Baoqing,46.3317,132.2111,41.38,60,97,25.77,CN,1651015071
459,Kuah,6.3265,99.8432,80.58,89,20,3.44,MY,1651015071
460,Araouane,18.9048,-3.5265,78.06,23,2,10.65,ML,1651015071
461,Kaspiysk,42.8816,47.6392,53.78,82,71,6.71,RU,1651015072
462,Joshīmath,30.5667,79.5667,55.81,28,0,8.57,IN,1651015072
463,Altay,47.8667,88.1167,37.29,81,80,3.04,CN,1651015072
464,Fazilpur,32.1833,75.0667,77.5,24,0,3.02,PK,1651015073
465,Svobodnyy,51.4,128.1333,38.35,45,12,15.77,RU,1651015073
466,Christchurch,-43.5333,172.6333,61.0,76,75,5.75,NZ,1651015073
467,Talnakh,69.4865,88.3972,11.21,95,92,7.81,RU,1651015073
468,Ayan,56.45,138.1667,31.01,75,100,6.58,RU,1651015074
469,Bilibino,68.0546,166.4372,29.03,78,100,4.79,RU,1651015074
470,Diu,20.7141,70.9822,80.58,55,0,10.6,IN,1651015074
471,Dhidhdhoo,6.8833,73.1,84.22,72,99,1.77,MV,1651015075
472,Linxia Chengguanzhen,35.6003,103.2064,51.71,37,43,7.07,CN,1651015075
473,Hasaki,35.7333,140.8333,70.2,89,100,21.99,JP,1651015075
474,Xining,36.6167,101.7667,51.26,47,45,3.29,CN,1651015075
475,Maihar,24.2667,80.75,85.28,14,0,2.08,IN,1651015076
476,Lahat,-3.8,103.5333,71.76,92,79,1.99,ID,1651015076
477,Bad Frankenhausen,51.35,11.1,50.14,69,87,3.94,DE,1651015076
478,Domoni,-12.2569,44.5319,78.31,85,43,1.21,KM,1651015077
479,Sangar,63.9242,127.4739,16.09,87,41,3.62,RU,1651015077
480,Airai,-8.9266,125.4092,63.79,77,81,1.19,TL,1651015077
481,Casteldaccia,38.0526,13.5287,61.27,60,0,4.0,IT,1651015078
482,Ngunguru,-35.6167,174.5,65.66,57,78,7.85,NZ,1651015078
483,Gijón,43.5357,-5.6615,56.84,96,100,2.86,ES,1651015078
484,Yenagoa,4.9247,6.2642,78.12,94,86,3.91,NG,1651015079
485,Gravdal,68.1214,13.5031,31.08,54,100,13.71,NO,1651014852
486,Chon Buri,13.3,101.3,85.51,81,64,7.27,TH,1651015079
487,Malartic,48.1335,-78.1328,30.31,73,100,7.61,CA,1651015079
488,Bowen,-20.0167,148.2333,76.84,79,15,10.04,AU,1651015080
489,Smidovich,48.6,133.8167,33.26,100,100,7.56,RU,1651015080
490,Ucluelet,48.9329,-125.5528,48.51,78,75,5.91,CA,1651014964
491,Acapulco de Juárez,16.8634,-99.8901,84.02,65,40,11.5,MX,1651014826
492,Lamu,-2.2717,40.902,82.62,83,29,12.08,KE,1651015080
493,Mount Gambier,-37.8333,140.7667,61.74,72,96,5.28,AU,1651014786
494,Djibouti,11.5,42.5,76.68,73,29,12.17,DJ,1651015081
495,Sem,59.2833,10.3333,44.22,55,100,5.75,NO,1651015081
496,Oria,43.2554,-2.0187,57.72,80,95,1.99,ES,1651015081
497,Sitka,57.0531,-135.33,46.29,76,100,9.22,US,1651015004
498,Haines Junction,60.7522,-137.5108,49.95,43,100,10.36,CA,1651015082
499,Tay Ninh,11.3,106.1,80.76,80,100,4.07,VN,1651015082
500,Manyana,-23.4,21.7167,62.31,37,1,8.95,BW,1651015107
501,Cuenca,-2.8833,-78.9833,60.93,82,75,6.91,EC,1651015108
502,The Valley,18.217,-63.0578,77.83,69,20,6.91,AI,1651015108
503,Tauragė,55.2522,22.2897,39.18,86,57,6.29,LT,1651015109
504,Batagay-Alyta,67.8006,130.4114,13.15,89,99,2.68,RU,1651015109
505,Kurchum,48.5722,83.6542,42.93,56,95,4.09,KZ,1651015109
506,Tongren,27.7172,109.1853,68.5,90,63,2.95,CN,1651015110
507,Pingliang,35.5392,106.6861,58.48,67,54,2.3,CN,1651015110
508,São João da Barra,-21.6403,-41.0511,75.51,89,10,7.29,BR,1651015110
509,Brae,60.3964,-1.353,40.86,64,97,7.05,GB,1651015111
510,Xiaoweizhai,26.1903,107.5125,65.05,98,8,1.3,CN,1651015111
511,Carroll,39.5501,-77.0164,58.95,84,100,4.0,US,1651015111
512,Bongaree,-27.0797,153.1586,74.21,67,70,12.15,AU,1651015007
513,San-Pédro,4.7485,-6.6363,78.93,90,97,5.93,CI,1651015112
514,Plettenberg Bay,-34.0527,23.3716,55.94,82,0,4.32,ZA,1651015112
515,Ayapa,18.1833,-93.1667,86.04,61,69,11.65,MX,1651015113
516,Lima,-12.0432,-77.0282,67.39,61,0,13.8,PE,1651014737
517,Mehamn,71.0357,27.8492,19.08,69,100,29.55,NO,1651015113
518,Neverkino,52.7854,46.7417,55.11,85,65,7.72,RU,1651015113
519,São Joaquim,-28.2939,-49.9317,57.45,97,70,3.22,BR,1651015114
520,Sulangan,11.1373,123.7228,82.11,80,100,10.87,PH,1651015114
521,Redenção,-4.2258,-38.7306,73.78,95,44,3.0,BR,1651015114
522,Ketchikan,55.3422,-131.6461,46.38,58,100,2.82,US,1651015115
523,Rincon,32.296,-81.2354,76.96,64,75,10.36,US,1651014828
524,New Port Richey,28.2442,-82.7193,82.58,76,4,4.0,US,1651015115
525,Synya,65.3718,58.0387,38.05,93,100,12.03,RU,1651015115
526,São Miguel do Araguaia,-13.275,-50.1628,75.63,59,0,4.38,BR,1651015116
527,Biltine,14.5333,20.9167,89.38,14,48,5.08,TD,1651015116
528,Takoradze,4.8845,-1.7554,80.55,87,83,6.76,GH,1651015116
529,Green River,41.5286,-109.4662,64.8,37,100,5.01,US,1651015117
530,Mbamba,9.9833,13.1,83.91,49,83,1.66,NG,1651015117
531,Grand Gaube,-20.0064,57.6608,75.38,77,18,1.99,MU,1651015030
532,Ganzhou,28.8184,115.4327,69.35,91,100,3.36,CN,1651015117
533,Tarabha,20.7333,83.65,79.34,37,2,3.8,IN,1651015118
534,Mariehamn,60.0973,19.9348,26.46,86,0,1.14,AX,1651015118
535,Grafton,42.207,-71.6856,53.46,88,100,3.36,US,1651015107
536,Cumana,10.4635,-64.1775,78.58,86,97,10.83,VE,1651015119
537,Brigantine,39.4101,-74.3646,64.04,82,100,9.22,US,1651015119
538,Abdulino,53.7,53.6667,56.23,63,56,15.79,RU,1651015119
539,Campoverde,-8.4753,-74.8058,85.69,68,87,2.57,PE,1651015120
540,Riyadh,24.6877,46.7219,73.54,41,24,7.58,SA,1651014877
541,Marsabit,2.3284,37.9899,66.52,81,100,6.51,KE,1651015120
542,Labuhan,-6.8844,112.2051,78.49,87,100,5.55,ID,1651015120
543,Husavik,66.0449,-17.3389,37.71,99,100,7.25,IS,1651015121
544,Hobyo,5.3505,48.5268,83.17,67,59,8.41,SO,1651015121
545,Victor Harbor,-35.5667,138.6167,61.0,93,100,10.31,AU,1651015121
546,Ust'-Kan,50.9276,84.761,32.54,79,17,4.09,RU,1651015122
547,Pangkalanbuun,-2.6833,111.6167,75.24,97,97,1.99,ID,1651015122
548,Srandakan,-7.9386,110.2506,76.75,89,92,3.65,ID,1651015122
549,Bambanglipuro,-7.95,110.2833,76.57,89,92,3.67,ID,1651014941
550,Todos Santos,23.45,-110.2167,69.44,81,3,4.76,MX,1651015148
551,Walvis Bay,-22.9575,14.5053,61.75,72,0,3.44,NA,1651015148
552,Bermeo,43.4209,-2.7215,61.23,96,100,13.06,ES,1651015149
553,Leshukonskoye,64.8989,45.7622,24.87,93,100,10.47,RU,1651015149
554,Hambantota,6.1241,81.1185,79.9,82,85,2.28,LK,1651015149
555,Paraúna,-16.9478,-50.4486,77.13,45,23,2.19,BR,1651015149
556,Nome,64.5011,-165.4064,41.16,80,0,6.91,US,1651015150
557,Russell,32.3502,-85.1999,72.68,73,20,14.97,US,1651015150
558,Wanaka,-44.7,169.15,50.11,85,4,1.01,NZ,1651014925
559,Salinas,36.6777,-121.6555,75.0,58,0,16.11,US,1651015151
560,Bomi,7.2461,-11.5258,78.75,88,25,3.76,SL,1651015151
561,Bibiani,6.4635,-2.3194,72.43,97,94,2.19,GH,1651015151
562,Buenaventura,3.8801,-77.0312,76.48,94,100,3.47,CO,1651015152
563,Mizdah,31.4451,12.9801,61.56,52,27,16.6,LY,1651015152
564,Mayo,38.8876,-76.5119,62.55,86,100,3.44,US,1651015152
565,Porech'ye-Rybnoye,57.098,39.3835,40.24,94,54,5.37,RU,1651015152
566,Ţahţā,26.7693,31.5021,81.57,23,12,10.83,EG,1651015153
567,Tadine,-21.55,167.8833,77.13,59,100,16.84,NC,1651015153
568,Wakema,16.6,95.1833,80.38,80,54,7.43,MM,1651015153
569,Maţāy,28.419,30.7792,73.4,28,0,15.95,EG,1651015154
570,Gushikawa,26.3544,127.8686,78.8,90,100,12.66,JP,1651015154
571,Qui Nhon,13.7667,109.2333,78.19,87,29,3.65,VN,1651014906
572,Port Macquarie,-31.4333,152.9167,70.9,80,98,4.41,AU,1651015155
573,Solnechnyy,50.7214,136.6319,26.56,93,100,12.75,RU,1651015155
574,Yerbogachën,61.2767,108.0108,28.54,85,50,7.43,RU,1651015155
575,Rāver,21.25,76.0333,89.17,15,0,6.13,IN,1651015156
576,Barra Patuca,15.8,-84.2833,79.05,80,100,9.57,HN,1651015156
577,Obo,5.3998,26.4869,68.49,96,97,3.56,CF,1651015156
578,Chazuta,-6.5742,-76.1367,79.65,78,79,1.21,PE,1651015157
579,Liwonde,-15.0506,35.2035,66.52,95,93,2.82,MW,1651015157
580,Pierre,44.3683,-100.351,64.06,32,0,35.99,US,1651014979
581,Gimli,50.6336,-96.9907,32.02,59,9,3.44,CA,1651015157
582,Omsukchan,62.5333,155.8,18.09,86,100,4.36,RU,1651015158
583,Huntington,38.4193,-82.4452,59.74,45,0,10.0,US,1651014972
584,Bindura,-17.3019,31.3306,63.32,85,88,3.09,ZW,1651015158
585,Santiago,-33.4569,-70.6483,54.55,82,100,2.3,CL,1651015158
586,Igunga,-4.2833,33.8833,67.42,84,98,1.7,TZ,1651015159
587,Bukama,-9.2,25.85,70.74,88,98,2.55,CD,1651015159
588,Quatre Cocos,-20.2078,57.7625,75.09,81,36,9.4,MU,1651015159
589,Yinchuan,38.4681,106.2731,52.63,15,47,12.88,CN,1651015160
590,Bonfim,3.0833,-59.95,83.16,68,100,2.21,BR,1651015160
